Year,Year Code,State,StateCode,Deaths,Population,Avg Daily Max Heat Index (C),,,
1999,1999,Alabama,AL,15,4430141,33.31,,,
1999,1999,Alaska,AK,0,624779,0,,,
1999,1999,Arizona,AZ,38,5023823,30.67,,,
1999,1999,Arkansas,AR,22,2651860,33.88,,,
1999,1999,California,CA,35,33499204,30.97,,,
1999,1999,Colorado,CO,0,4226018,29.3,,,
1999,1999,Connecticut,CT,0,3386401,31.19,,,
1999,1999,Delaware,DE,0,774990,32.68,,,
1999,1999,District of Columbia,DC,0,570213,32.86,,,
1999,1999,Florida,FL,15,15759421,33.55,,,
1999,1999,Georgia,GA,29,8045965,33.32,,,
1999,1999,Hawaii,HI,0,1210300,0,,,
1999,1999,Idaho,ID,0,1275674,28.64,,,
1999,1999,Illinois,IL,161,12359020,33.76,,,
1999,1999,Indiana,IN,21,6044969,32.98,,,
1999,1999,Iowa,IA,10,2917634,33.85,,,
1999,1999,Kansas,KS,0,2678338,33.26,,,
1999,1999,Kentucky,KY,16,4018053,32.94,,,
1999,1999,Louisiana,LA,24,4460811,34.16,,,
1999,1999,Maine,ME,0,1266808,29.57,,,
1999,1999,Maryland,MD,29,5254509,32.47,,,
1999,1999,Massachusetts,MA,0,6317345,31.01,,,
1999,1999,Michigan,MI,13,9897116,31.64,,,
1999,1999,Minnesota,MN,0,4873481,32.34,,,
1999,1999,Mississippi,MS,14,2828408,33.81,,,
1999,1999,Missouri,MO,62,5561948,33.75,,,
1999,1999,Montana,MT,0,897507,29.34,,,
1999,1999,Nebraska,NE,0,1704764,32.05,,,
1999,1999,Nevada,NV,12,1934718,28.76,,,
1999,1999,New Hampshire,NH,0,1222014,30.42,,,
1999,1999,New Jersey,NJ,41,8359592,32.42,,,
1999,1999,New Mexico,NM,0,1808082,29.34,,,
1999,1999,New York,NY,60,18882725,30.89,,,
1999,1999,North Carolina,NC,15,7949361,33.31,,,
1999,1999,North Dakota,ND,0,644259,30.72,,,
1999,1999,Ohio,OH,38,11335454,31.83,,,
1999,1999,Oklahoma,OK,21,3437147,34.05,,,
1999,1999,Oregon,OR,0,3393941,28.2,,,
1999,1999,Pennsylvania,PA,115,12263805,31.2,,,
1999,1999,Rhode Island,RI,0,1040402,31.2,,,
1999,1999,South Carolina,SC,43,3974682,33.51,,,
1999,1999,South Dakota,SD,0,750412,32.12,,,
1999,1999,Tennessee,TN,30,5638706,33.12,,,
1999,1999,Texas,TX,79,20558220,33.31,,,
1999,1999,Utah,UT,0,2203482,28.74,,,
1999,1999,Vermont,VT,0,604683,30.4,,,
1999,1999,Virginia,VA,12,7000174,32.55,,,
1999,1999,Washington,WA,0,5842564,29.3,,,
1999,1999,West Virginia,WV,0,1811799,31.15,,,
1999,1999,Wisconsin,WI,20,5332666,33.36,,,
1999,1999,Wyoming,WY,0,491780,28.51,,,
2000,2000,Alabama,AL,11,4447100,33.31,,,
2000,2000,Alaska,AK,0,626932,0,,,
2000,2000,Arizona,AZ,39,5130632,31.3,,,
2000,2000,Arkansas,AR,12,2673400,34.74,,,
2000,2000,California,CA,49,33871648,31.66,,,
2000,2000,Colorado,CO,0,4301261,29.91,,,
2000,2000,Connecticut,CT,0,3405565,30.79,,,
2000,2000,Delaware,DE,0,783600,31.26,,,
2000,2000,District of Columbia,DC,0,572059,31.77,,,
2000,2000,Florida,FL,8,15982378,33.35,,,
2000,2000,Georgia,GA,9,8186453,33.25,,,
2000,2000,Hawaii,HI,0,1211537,0,,,
2000,2000,Idaho,ID,0,1293953,29.25,,,
2000,2000,Illinois,IL,12,12419293,33.16,,,
2000,2000,Indiana,IN,3,6080485,31.83,,,
2000,2000,Iowa,IA,4,2926324,33,,,
2000,2000,Kansas,KS,0,2688418,34.35,,,
2000,2000,Kentucky,KY,9,4041769,31.95,,,
2000,2000,Louisiana,LA,23,4468976,34.34,,,
2000,2000,Maine,ME,0,1274923,29.68,,,
2000,2000,Maryland,MD,6,5296486,31.1,,,
2000,2000,Massachusetts,MA,0,6349097,30.55,,,
2000,2000,Michigan,MI,4,9938444,30.26,,,
2000,2000,Minnesota,MN,0,4919479,30.59,,,
2000,2000,Mississippi,MS,18,2844658,34.29,,,
2000,2000,Missouri,MO,21,5595211,34.45,,,
2000,2000,Montana,MT,0,902195,29.87,,,
2000,2000,Nebraska,NE,0,1711263,32.71,,,
2000,2000,Nevada,NV,4,1998257,29.28,,,
2000,2000,New Hampshire,NH,0,1235786,30.03,,,
2000,2000,New Jersey,NJ,3,8414350,31.02,,,
2000,2000,New Mexico,NM,0,1819046,29.83,,,
2000,2000,New York,NY,5,18976457,29.81,,,
2000,2000,North Carolina,NC,3,8049313,32.31,,,
2000,2000,North Dakota,ND,0,642200,30.64,,,
2000,2000,Ohio,OH,7,11353140,30.58,,,
2000,2000,Oklahoma,OK,14,3450654,35.33,,,
2000,2000,Oregon,OR,0,3421399,28.36,,,
2000,2000,Pennsylvania,PA,21,12281054,30.02,,,
2000,2000,Rhode Island,RI,0,1048319,30.6,,,
2000,2000,South Carolina,SC,9,4012012,33.42,,,
2000,2000,South Dakota,SD,0,754844,32.11,,,
2000,2000,Tennessee,TN,12,5689283,32.48,,,
2000,2000,Texas,TX,144,20851820,33.94,,,
2000,2000,Utah,UT,0,2233169,29.5,,,
2000,2000,Vermont,VT,0,608827,29.67,,,
2000,2000,Virginia,VA,5,7078515,31.26,,,
2000,2000,Washington,WA,0,5894121,29.1,,,
2000,2000,West Virginia,WV,0,1808344,30.13,,,
2000,2000,Wisconsin,WI,2,5363675,30.74,,,
2000,2000,Wyoming,WY,0,493782,28.94,,,
2001,2001,Alabama,AL,5,4467634,32.47,,,
2001,2001,Alaska,AK,0,633714,0,,,
2001,2001,Arizona,AZ,30,5273477,31.01,,,
2001,2001,Arkansas,AR,7,2691571,33.95,,,
2001,2001,California,CA,29,34479458,31.54,,,
2001,2001,Colorado,CO,0,4425687,29.61,,,
2001,2001,Connecticut,CT,0,3432835,30.92,,,
2001,2001,Delaware,DE,0,795699,31.26,,,
2001,2001,District of Columbia,DC,0,574504,31.48,,,
2001,2001,Florida,FL,20,16356966,32.78,,,
2001,2001,Georgia,GA,5,8377038,32.33,,,
2001,2001,Hawaii,HI,0,1225948,0,,,
2001,2001,Idaho,ID,0,1319962,29.09,,,
2001,2001,Illinois,IL,40,12488445,32.93,,,
2001,2001,Indiana,IN,10,6127760,32.42,,,
2001,2001,Iowa,IA,9,2931997,33.43,,,
2001,2001,Kansas,KS,6,2702162,33.63,,,
2001,2001,Kentucky,KY,7,4068132,31.93,,,
2001,2001,Louisiana,LA,12,4477875,33.85,,,
2001,2001,Maine,ME,0,1285692,30.25,,,
2001,2001,Maryland,MD,16,5374691,31.08,,,
2001,2001,Massachusetts,MA,0,6397634,30.87,,,
2001,2001,Michigan,MI,17,9991120,31.74,,,
2001,2001,Minnesota,MN,21,4982796,32.62,,,
2001,2001,Mississippi,MS,6,2852994,33.16,,,
2001,2001,Missouri,MO,43,5641142,33.7,,,
2001,2001,Montana,MT,0,906961,29.6,,,
2001,2001,Nebraska,NE,0,1719836,32.63,,,
2001,2001,Nevada,NV,20,2098399,29.22,,,
2001,2001,New Hampshire,NH,0,1255517,30.5,,,
2001,2001,New Jersey,NJ,7,8492671,30.99,,,
2001,2001,New Mexico,NM,0,1831690,29.53,,,
2001,2001,New York,NY,17,19082838,30.77,,,
2001,2001,North Carolina,NC,3,8210122,31.42,,,
2001,2001,North Dakota,ND,0,639062,31.64,,,
2001,2001,Ohio,OH,10,11387404,31.16,,,
2001,2001,Oklahoma,OK,21,3467100,34.17,,,
2001,2001,Oregon,OR,0,3467937,28.39,,,
2001,2001,Pennsylvania,PA,38,12298970,30.53,,,
2001,2001,Rhode Island,RI,0,1057142,30.7,,,
2001,2001,South Carolina,SC,4,4064995,32.29,,,
2001,2001,South Dakota,SD,0,757972,32.77,,,
2001,2001,Tennessee,TN,5,5750789,32.14,,,
2001,2001,Texas,TX,65,21319622,33.51,,,
2001,2001,Utah,UT,0,2283715,29.31,,,
2001,2001,Vermont,VT,0,612223,30.45,,,
2001,2001,Virginia,VA,7,7198362,30.8,,,
2001,2001,Washington,WA,0,5985722,29.19,,,
2001,2001,West Virginia,WV,0,1801481,30.46,,,
2001,2001,Wisconsin,WI,23,5406835,32.78,,,
2001,2001,Wyoming,WY,0,494657,29.04,,,
2002,2002,Alabama,AL,8,4480089,33.54,,,
2002,2002,Alaska,AK,0,642337,0,,,
2002,2002,Arizona,AZ,46,5396255,31.35,,,
2002,2002,Arkansas,AR,4,2705927,34.23,,,
2002,2002,California,CA,46,34871843,31.57,,,
2002,2002,Colorado,CO,0,4490406,30,,,
2002,2002,Connecticut,CT,0,3458749,32.42,,,
2002,2002,Delaware,DE,0,806169,32.3,,,
2002,2002,District of Columbia,DC,0,573158,32.73,,,
2002,2002,Florida,FL,17,16689370,33.66,,,
2002,2002,Georgia,GA,12,8508256,33.26,,,
2002,2002,Hawaii,HI,0,1239613,0,,,
2002,2002,Idaho,ID,0,1340372,29.23,,,
2002,2002,Illinois,IL,54,12525556,33.62,,,
2002,2002,Indiana,IN,6,6155967,32.83,,,
2002,2002,Iowa,IA,1,2934234,33.06,,,
2002,2002,Kansas,KS,3,2713535,33.5,,,
2002,2002,Kentucky,KY,8,4089875,32.68,,,
2002,2002,Louisiana,LA,7,4497267,34.71,,,
2002,2002,Maine,ME,0,1295960,31.61,,,
2002,2002,Maryland,MD,60,5440389,32.22,,,
2002,2002,Massachusetts,MA,0,6417206,32.25,,,
2002,2002,Michigan,MI,12,10015710,31.58,,,
2002,2002,Minnesota,MN,0,5018935,31.98,,,
2002,2002,Mississippi,MS,4,2858681,34.19,,,
2002,2002,Missouri,MO,28,5674825,33.6,,,
2002,2002,Montana,MT,0,911667,29.94,,,
2002,2002,Nebraska,NE,0,1728292,32.71,,,
2002,2002,Nevada,NV,30,2173791,29.59,,,
2002,2002,New Hampshire,NH,0,1269089,31.62,,,
2002,2002,New Jersey,NJ,19,8552643,32.31,,,
2002,2002,New Mexico,NM,0,1855309,29.83,,,
2002,2002,New York,NY,13,19137800,31.37,,,
2002,2002,North Carolina,NC,12,8326201,32.82,,,
2002,2002,North Dakota,ND,0,638168,30.95,,,
2002,2002,Ohio,OH,20,11407889,31.85,,,
2002,2002,Oklahoma,OK,1,3489080,33.98,,,
2002,2002,Oregon,OR,0,3513424,28.74,,,
2002,2002,Pennsylvania,PA,57,12331031,31.29,,,
2002,2002,Rhode Island,RI,0,1065995,32.66,,,
2002,2002,South Carolina,SC,7,4107795,33.52,,,
2002,2002,South Dakota,SD,0,760020,32.49,,,
2002,2002,Tennessee,TN,10,5795918,32.62,,,
2002,2002,Texas,TX,65,21690325,33.7,,,
2002,2002,Utah,UT,0,2324815,29.82,,,
2002,2002,Vermont,VT,0,615442,31.26,,,
2002,2002,Virginia,VA,9,7286873,32.12,,,
2002,2002,Washington,WA,3,6052349,29.51,,,
2002,2002,West Virginia,WV,0,1805414,31.23,,,
2002,2002,Wisconsin,WI,9,5445162,32.29,,,
2002,2002,Wyoming,WY,0,500017,29.14,,,
2003,2003,Alabama,AL,4,4503491,32.73,,,
2003,2003,Alaska,AK,0,648414,0,,,
2003,2003,Arizona,AZ,57,5510364,31.58,,,
2003,2003,Arkansas,AR,7,2724816,33.69,,,
2003,2003,California,CA,39,35253159,32.05,,,
2003,2003,Colorado,CO,2,4528732,29.76,,,
2003,2003,Connecticut,CT,0,3484336,31.99,,,
2003,2003,Delaware,DE,0,818003,32.11,,,
2003,2003,District of Columbia,DC,0,568502,32.68,,,
2003,2003,Florida,FL,22,17004085,33.47,,,
2003,2003,Georgia,GA,10,8622793,32.77,,,
2003,2003,Hawaii,HI,0,1251154,0,,,
2003,2003,Idaho,ID,0,1363380,29.36,,,
2003,2003,Illinois,IL,14,12556006,32.41,,,
2003,2003,Indiana,IN,1,6196638,32.28,,,
2003,2003,Iowa,IA,5,2941999,32.2,,,
2003,2003,Kansas,KS,5,2723004,33.23,,,
2003,2003,Kentucky,KY,6,4117170,32.15,,,
2003,2003,Louisiana,LA,4,4521042,34.06,,,
2003,2003,Maine,ME,0,1306513,30.92,,,
2003,2003,Maryland,MD,4,5496269,31.99,,,
2003,2003,Massachusetts,MA,2,6422565,31.62,,,
2003,2003,Michigan,MI,3,10041152,30.12,,,
2003,2003,Minnesota,MN,1,5053572,30.77,,,
2003,2003,Mississippi,MS,11,2868312,33.38,,,
2003,2003,Missouri,MO,19,5709403,33.48,,,
2003,2003,Montana,MT,0,919630,30.17,,,
2003,2003,Nebraska,NE,3,1738643,31.79,,,
2003,2003,Nevada,NV,22,2248850,29.5,,,
2003,2003,New Hampshire,NH,0,1279840,31.21,,,
2003,2003,New Jersey,NJ,7,8601402,31.81,,,
2003,2003,New Mexico,NM,0,1877574,29.75,,,
2003,2003,New York,NY,7,19175939,30.68,,,
2003,2003,North Carolina,NC,9,8422501,32.9,,,
2003,2003,North Dakota,ND,0,638817,30.94,,,
2003,2003,Ohio,OH,2,11434788,31.51,,,
2003,2003,Oklahoma,OK,12,3504892,33.77,,,
2003,2003,Oregon,OR,0,3547376,28.82,,,
2003,2003,Pennsylvania,PA,19,12374658,30.89,,,
2003,2003,Rhode Island,RI,1,1071342,31.84,,,
2003,2003,South Carolina,SC,4,4150297,33.07,,,
2003,2003,South Dakota,SD,0,763729,31.52,,,
2003,2003,Tennessee,TN,9,5847812,32.21,,,
2003,2003,Texas,TX,66,22030931,33.44,,,
2003,2003,Utah,UT,0,2360137,29.69,,,
2003,2003,Vermont,VT,0,617858,30.7,,,
2003,2003,Virginia,VA,3,7366977,32.41,,,
2003,2003,Washington,WA,3,6104115,29.56,,,
2003,2003,West Virginia,WV,0,1812295,30.87,,,
2003,2003,Wisconsin,WI,7,5479203,31.23,,,
2003,2003,Wyoming,WY,0,503453,29.22,,,
2004,2004,Alabama,AL,2,4530729,32.62,,,
2004,2004,Alaska,AK,0,659286,0,,,
2004,2004,Arizona,AZ,46,5652404,30.73,,,
2004,2004,Arkansas,AR,6,2749686,32.71,,,
2004,2004,California,CA,40,35574576,31.33,,,
2004,2004,Colorado,CO,1,4575013,28.88,,,
2004,2004,Connecticut,CT,0,3496094,30.34,,,
2004,2004,Delaware,DE,0,830803,30.81,,,
2004,2004,District of Columbia,DC,0,567754,31.47,,,
2004,2004,Florida,FL,31,17415318,33.88,,,
2004,2004,Georgia,GA,7,8769252,32.78,,,
2004,2004,Hawaii,HI,0,1273569,0,,,
2004,2004,Idaho,ID,2,1391802,28.88,,,
2004,2004,Illinois,IL,4,12589773,31.64,,,
2004,2004,Indiana,IN,4,6233007,31.29,,,
2004,2004,Iowa,IA,2,2953635,31.36,,,
2004,2004,Kansas,KS,4,2734373,31.77,,,
2004,2004,Kentucky,KY,4,4146101,31.42,,,
2004,2004,Louisiana,LA,6,4552238,34.23,,,
2004,2004,Maine,ME,0,1313688,29.83,,,
2004,2004,Maryland,MD,5,5546935,30.83,,,
2004,2004,Massachusetts,MA,4,6412281,30.44,,,
2004,2004,Michigan,MI,4,10055315,29.9,,,
2004,2004,Minnesota,MN,2,5087713,30.2,,,
2004,2004,Mississippi,MS,6,2889010,33.19,,,
2004,2004,Missouri,MO,5,5747741,32.12,,,
2004,2004,Montana,MT,0,930009,28.78,,,
2004,2004,Nebraska,NE,2,1749370,30.91,,,
2004,2004,Nevada,NV,5,2346222,29.02,,,
2004,2004,New Hampshire,NH,0,1290121,30.15,,,
2004,2004,New Jersey,NJ,3,8634561,30.54,,,
2004,2004,New Mexico,NM,6,1903808,29.3,,,
2004,2004,New York,NY,11,19175939,30.07,,,
2004,2004,North Carolina,NC,4,8553152,31.72,,,
2004,2004,North Dakota,ND,0,644705,29.4,,,
2004,2004,Ohio,OH,2,11452251,30.39,,,
2004,2004,Oklahoma,OK,6,3525233,32.74,,,
2004,2004,Oregon,OR,1,3569463,28.71,,,
2004,2004,Pennsylvania,PA,8,12410722,29.95,,,
2004,2004,Rhode Island,RI,0,1074579,30.37,,,
2004,2004,South Carolina,SC,2,4210921,32.63,,,
2004,2004,South Dakota,SD,0,770396,30.43,,,
2004,2004,Tennessee,TN,7,5910809,31.55,,,
2004,2004,Texas,TX,55,22394023,33.2,,,
2004,2004,Utah,UT,0,2401580,28.89,,,
2004,2004,Vermont,VT,0,619920,30.03,,,
2004,2004,Virginia,VA,4,7475575,31.13,,,
2004,2004,Washington,WA,0,6178645,29.9,,,
2004,2004,West Virginia,WV,0,1816438,30.19,,,
2004,2004,Wisconsin,WI,5,5514026,30.42,,,
2004,2004,Wyoming,WY,0,509106,28.15,,,
2005,2005,Alabama,AL,5,4569805,33.85,,,
2005,2005,Alaska,AK,0,666946,0,,,
2005,2005,Arizona,AZ,87,5839077,31.28,,,
2005,2005,Arkansas,AR,13,2781097,34.88,,,
2005,2005,California,CA,65,35827943,31.76,,,
2005,2005,Colorado,CO,9,4631888,29.79,,,
2005,2005,Connecticut,CT,0,3506956,31.86,,,
2005,2005,Delaware,DE,1,845150,32.16,,,
2005,2005,District of Columbia,DC,0,567136,32.97,,,
2005,2005,Florida,FL,28,17842038,34.47,,,
2005,2005,Georgia,GA,16,8925922,33.7,,,
2005,2005,Hawaii,HI,0,1292729,0,,,
2005,2005,Idaho,ID,0,1428241,28.96,,,
2005,2005,Illinois,IL,14,12609903,33.53,,,
2005,2005,Indiana,IN,4,6278616,32.6,,,
2005,2005,Iowa,IA,6,2964454,32.71,,,
2005,2005,Kansas,KS,6,2745299,33.01,,,
2005,2005,Kentucky,KY,8,4182742,32.76,,,
2005,2005,Louisiana,LA,20,4576628,35.45,,,
2005,2005,Maine,ME,0,1318787,30.85,,,
2005,2005,Maryland,MD,46,5592379,32.22,,,
2005,2005,Massachusetts,MA,1,6403290,31.66,,,
2005,2005,Michigan,MI,4,10051137,31.18,,,
2005,2005,Minnesota,MN,7,5119598,31.97,,,
2005,2005,Mississippi,MS,12,2905943,34.68,,,
2005,2005,Missouri,MO,25,5790300,33.7,,,
2005,2005,Montana,MT,0,940102,29.63,,,
2005,2005,Nebraska,NE,1,1761497,32.04,,,
2005,2005,Nevada,NV,44,2432143,29.48,,,
2005,2005,New Hampshire,NH,0,1298492,31.08,,,
2005,2005,New Jersey,NJ,9,8651974,31.89,,,
2005,2005,New Mexico,NM,5,1932274,29.77,,,
2005,2005,New York,NY,14,19132610,31.14,,,
2005,2005,North Carolina,NC,18,8705407,33.53,,,
2005,2005,North Dakota,ND,0,646089,31.24,,,
2005,2005,Ohio,OH,14,11463320,31.61,,,
2005,2005,Oklahoma,OK,16,3548597,34.43,,,
2005,2005,Oregon,OR,2,3613202,28.55,,,
2005,2005,Pennsylvania,PA,39,12449990,31.05,,,
2005,2005,Rhode Island,RI,0,1067916,31.52,,,
2005,2005,South Carolina,SC,10,4270150,34.07,,,
2005,2005,South Dakota,SD,3,775493,31.96,,,
2005,2005,Tennessee,TN,14,5991057,33.03,,,
2005,2005,Texas,TX,100,22778123,34.25,,,
2005,2005,Utah,UT,0,2457719,29.41,,,
2005,2005,Vermont,VT,0,621215,30.76,,,
2005,2005,Virginia,VA,12,7577105,32.57,,,
2005,2005,Washington,WA,4,6257305,29.21,,,
2005,2005,West Virginia,WV,0,1820492,31.24,,,
2005,2005,Wisconsin,WI,12,5546166,31.71,,,
2005,2005,Wyoming,WY,0,514157,28.78,,,
2006,2006,Alabama,AL,8,4628981,33.87,,,
2006,2006,Alaska,AK,0,675302,0,,,
2006,2006,Arizona,AZ,113,6029141,31.44,,,
2006,2006,Arkansas,AR,12,2821761,34.46,,,
2006,2006,California,CA,195,36021202,32.1,,,
2006,2006,Colorado,CO,6,4720423,29.62,,,
2006,2006,Connecticut,CT,0,3517460,32.46,,,
2006,2006,Delaware,DE,2,859268,32.65,,,
2006,2006,District of Columbia,DC,0,570681,33.26,,,
2006,2006,Florida,FL,28,18166990,33.73,,,
2006,2006,Georgia,GA,13,9155813,33.56,,,
2006,2006,Hawaii,HI,0,1309731,0,,,
2006,2006,Idaho,ID,3,1468669,29.04,,,
2006,2006,Illinois,IL,51,12643955,33.29,,,
2006,2006,Indiana,IN,12,6332669,33.21,,,
2006,2006,Iowa,IA,6,2982644,32.4,,,
2006,2006,Kansas,KS,20,2762931,33.11,,,
2006,2006,Kentucky,KY,6,4219239,33.15,,,
2006,2006,Louisiana,LA,14,4302665,34.73,,,
2006,2006,Maine,ME,1,1323619,30.83,,,
2006,2006,Maryland,MD,45,5627367,32.5,,,
2006,2006,Massachusetts,MA,6,6410084,32.23,,,
2006,2006,Michigan,MI,22,10036081,31.58,,,
2006,2006,Minnesota,MN,3,5163555,30.99,,,
2006,2006,Mississippi,MS,12,2904978,34.4,,,
2006,2006,Missouri,MO,22,5842704,33.65,,,
2006,2006,Montana,MT,0,952692,29.48,,,
2006,2006,Nebraska,NE,2,1772693,31.78,,,
2006,2006,Nevada,NV,31,2522658,29.47,,,
2006,2006,New Hampshire,NH,0,1308389,32.03,,,
2006,2006,New Jersey,NJ,17,8661679,32.43,,,
2006,2006,New Mexico,NM,6,1962137,29.69,,,
2006,2006,New York,NY,61,19104631,31.84,,,
2006,2006,North Carolina,NC,12,8917270,32.83,,,
2006,2006,North Dakota,ND,0,649422,30.79,,,
2006,2006,Ohio,OH,14,11481213,32.11,,,
2006,2006,Oklahoma,OK,40,3594090,34.38,,,
2006,2006,Oregon,OR,6,3670883,28.85,,,
2006,2006,Pennsylvania,PA,51,12510809,31.44,,,
2006,2006,Rhode Island,RI,0,1063096,32.32,,,
2006,2006,South Carolina,SC,12,4357847,33.41,,,
2006,2006,South Dakota,SD,1,783033,31.74,,,
2006,2006,Tennessee,TN,14,6088766,33.07,,,
2006,2006,Texas,TX,84,23359580,33.79,,,
2006,2006,Utah,UT,0,2525507,29.39,,,
2006,2006,Vermont,VT,0,622892,31.62,,,
2006,2006,Virginia,VA,15,7673725,32.36,,,
2006,2006,Washington,WA,12,6370753,29.89,,,
2006,2006,West Virginia,WV,0,1827912,31.43,,,
2006,2006,Wisconsin,WI,10,5577655,31.67,,,
2006,2006,Wyoming,WY,0,522667,28.81,,,
2007,2007,Alabama,AL,18,4672840,33.68,,,
2007,2007,Alaska,AK,0,680300,0,,,
2007,2007,Arizona,AZ,52,6167681,31.32,,,
2007,2007,Arkansas,AR,12,2848650,33.89,,,
2007,2007,California,CA,74,36250311,31.62,,,
2007,2007,Colorado,CO,0,4803868,29.65,,,
2007,2007,Connecticut,CT,0,3527270,31.06,,,
2007,2007,Delaware,DE,0,871749,31.85,,,
2007,2007,District of Columbia,DC,3,574404,32.25,,,
2007,2007,Florida,FL,17,18367842,33.94,,,
2007,2007,Georgia,GA,23,9349988,33.44,,,
2007,2007,Hawaii,HI,0,1315675,0,,,
2007,2007,Idaho,ID,5,1505105,29.37,,,
2007,2007,Illinois,IL,16,12695866,32.71,,,
2007,2007,Indiana,IN,5,6379599,32.22,,,
2007,2007,Iowa,IA,5,2999212,32.92,,,
2007,2007,Kansas,KS,12,2783785,32.96,,,
2007,2007,Kentucky,KY,10,4256672,32.34,,,
2007,2007,Louisiana,LA,8,4375581,34.44,,,
2007,2007,Maine,ME,0,1327040,30.74,,,
2007,2007,Maryland,MD,20,5653408,31.8,,,
2007,2007,Massachusetts,MA,0,6431559,31.12,,,
2007,2007,Michigan,MI,4,10001284,30.75,,,
2007,2007,Minnesota,MN,2,5207203,31.59,,,
2007,2007,Mississippi,MS,13,2928350,34.04,,,
2007,2007,Missouri,MO,40,5887612,33.25,,,
2007,2007,Montana,MT,0,964706,30.19,,,
2007,2007,Nebraska,NE,0,1783440,32.3,,,
2007,2007,Nevada,NV,24,2601072,29.63,,,
2007,2007,New Hampshire,NH,0,1312540,31.11,,,
2007,2007,New Jersey,NJ,8,8677885,31.68,,,
2007,2007,New Mexico,NM,2,1990070,29.54,,,
2007,2007,New York,NY,5,19132335,30.87,,,
2007,2007,North Carolina,NC,15,9118037,32.84,,,
2007,2007,North Dakota,ND,0,652822,31.59,,,
2007,2007,Ohio,OH,15,11500468,31.4,,,
2007,2007,Oklahoma,OK,9,3634349,33.36,,,
2007,2007,Oregon,OR,2,3722417,28.8,,,
2007,2007,Pennsylvania,PA,14,12563937,30.9,,,
2007,2007,Rhode Island,RI,0,1057315,30.79,,,
2007,2007,South Carolina,SC,26,4444110,33.57,,,
2007,2007,South Dakota,SD,4,791623,32.42,,,
2007,2007,Tennessee,TN,24,6175727,32.69,,,
2007,2007,Texas,TX,29,23831983,32.94,,,
2007,2007,Utah,UT,0,2597746,29.67,,,
2007,2007,Vermont,VT,0,623481,30.92,,,
2007,2007,Virginia,VA,8,7751000,31.99,,,
2007,2007,Washington,WA,8,6461587,29.42,,,
2007,2007,West Virginia,WV,1,1834052,31.07,,,
2007,2007,Wisconsin,WI,5,5610775,31.41,,,
2007,2007,Wyoming,WY,0,534876,29.03,,,
2008,2008,Alabama,AL,8,4718206,33.34,,,
2008,2008,Alaska,AK,0,687455,0,,,
2008,2008,Arizona,AZ,54,6280362,31.14,,,
2008,2008,Arkansas,AR,8,2874554,34.42,,,
2008,2008,California,CA,51,36604337,31.71,,,
2008,2008,Colorado,CO,8,4889730,29.45,,,
2008,2008,Connecticut,CT,0,3545579,31.11,,,
2008,2008,Delaware,DE,0,883874,31.26,,,
2008,2008,District of Columbia,DC,5,580236,31.65,,,
2008,2008,Florida,FL,21,18527305,33.72,,,
2008,2008,Georgia,GA,8,9504843,33.23,,,
2008,2008,Hawaii,HI,1,1332213,0,,,
2008,2008,Idaho,ID,2,1534320,28.81,,,
2008,2008,Illinois,IL,8,12747038,32.67,,,
2008,2008,Indiana,IN,0,6424806,32.08,,,
2008,2008,Iowa,IA,2,3016734,31.88,,,
2008,2008,Kansas,KS,8,2808076,32.59,,,
2008,2008,Kentucky,KY,8,4289878,31.91,,,
2008,2008,Louisiana,LA,6,4435586,34.73,,,
2008,2008,Maine,ME,0,1330509,30.31,,,
2008,2008,Maryland,MD,19,5684965,31.23,,,
2008,2008,Massachusetts,MA,0,6468967,31.11,,,
2008,2008,Michigan,MI,3,9946889,30.43,,,
2008,2008,Minnesota,MN,4,5247018,30.03,,,
2008,2008,Mississippi,MS,10,2947806,34.13,,,
2008,2008,Missouri,MO,6,5923916,33.4,,,
2008,2008,Montana,MT,0,976415,29,,,
2008,2008,Nebraska,NE,1,1796378,31.19,,,
2008,2008,Nevada,NV,35,2653630,29.27,,,
2008,2008,New Hampshire,NH,0,1315906,31.02,,,
2008,2008,New Jersey,NJ,13,8711090,31.15,,,
2008,2008,New Mexico,NM,2,2010662,29.39,,,
2008,2008,New York,NY,19,19212436,30.84,,,
2008,2008,North Carolina,NC,25,9309449,32.85,,,
2008,2008,North Dakota,ND,0,657569,29.78,,,
2008,2008,Ohio,OH,13,11515391,31.26,,,
2008,2008,Oklahoma,OK,6,3668976,33.92,,,
2008,2008,Oregon,OR,3,3768748,28.45,,,
2008,2008,Pennsylvania,PA,36,12612285,30.6,,,
2008,2008,Rhode Island,RI,3,1055003,30.84,,,
2008,2008,South Carolina,SC,8,4528996,33.58,,,
2008,2008,South Dakota,SD,0,799124,30.89,,,
2008,2008,Tennessee,TN,12,6247411,32.27,,,
2008,2008,Texas,TX,53,24309039,33.37,,,
2008,2008,Utah,UT,0,2663029,29.33,,,
2008,2008,Vermont,VT,0,624151,30.86,,,
2008,2008,Virginia,VA,15,7833496,31.56,,,
2008,2008,Washington,WA,4,6562231,29.48,,,
2008,2008,West Virginia,WV,3,1840310,30.71,,,
2008,2008,Wisconsin,WI,3,5640996,30.44,,,
2008,2008,Wyoming,WY,0,546043,28.44,,,
2009,2009,Alabama,AL,5,4757938,34.57,,,
2009,2009,Alaska,AK,0,698895,0,,,
2009,2009,Arizona,AZ,95,6343154,31.38,,,
2009,2009,Arkansas,AR,7,2896843,35.21,,,
2009,2009,California,CA,63,36961229,31.76,,,
2009,2009,Colorado,CO,5,4972195,29.31,,,
2009,2009,Connecticut,CT,1,3561807,30.93,,,
2009,2009,Delaware,DE,0,891730,30.92,,,
2009,2009,District of Columbia,DC,0,592228,31.11,,,
2009,2009,Florida,FL,39,18652644,34.97,,,
2009,2009,Georgia,GA,18,9620846,34.31,,,
2009,2009,Hawaii,HI,1,1346717,0,,,
2009,2009,Idaho,ID,1,1554439,28.64,,,
2009,2009,Illinois,IL,21,12796778,31.75,,,
2009,2009,Indiana,IN,6,6459325,31.3,,,
2009,2009,Iowa,IA,2,3032870,31.08,,,
2009,2009,Kansas,KS,11,2832704,32.67,,,
2009,2009,Kentucky,KY,3,4317074,31.89,,,
2009,2009,Louisiana,LA,11,4491648,36.06,,,
2009,2009,Maine,ME,0,1329590,30.73,,,
2009,2009,Maryland,MD,8,5730388,30.57,,,
2009,2009,Massachusetts,MA,1,6517613,30.94,,,
2009,2009,Michigan,MI,2,9901591,29.81,,,
2009,2009,Minnesota,MN,2,5281203,29.48,,,
2009,2009,Mississippi,MS,13,2958774,35.27,,,
2009,2009,Missouri,MO,15,5961088,33.14,,,
2009,2009,Montana,MT,0,983982,28.79,,,
2009,2009,Nebraska,NE,1,1812683,30.63,,,
2009,2009,Nevada,NV,17,2684665,29.18,,,
2009,2009,New Hampshire,NH,0,1316102,30.39,,,
2009,2009,New Jersey,NJ,1,8755602,30.92,,,
2009,2009,New Mexico,NM,4,2036802,29.96,,,
2009,2009,New York,NY,8,19307066,30.62,,,
2009,2009,North Carolina,NC,10,9449566,32.52,,,
2009,2009,North Dakota,ND,0,664968,29.3,,,
2009,2009,Ohio,OH,9,11528896,30.5,,,
2009,2009,Oklahoma,OK,19,3717572,34.93,,,
2009,2009,Oregon,OR,7,3808600,28.68,,,
2009,2009,Pennsylvania,PA,8,12666858,30.16,,,
2009,2009,Rhode Island,RI,1,1053646,31.35,,,
2009,2009,South Carolina,SC,9,4589872,34.14,,,
2009,2009,South Dakota,SD,1,807067,29.91,,,
2009,2009,Tennessee,TN,16,6306019,32.68,,,
2009,2009,Texas,TX,80,24801761,34.64,,,
2009,2009,Utah,UT,2,2723421,28.94,,,
2009,2009,Vermont,VT,0,624817,30.49,,,
2009,2009,Virginia,VA,4,7925937,31.13,,,
2009,2009,Washington,WA,15,6667426,29.55,,,
2009,2009,West Virginia,WV,1,1847775,30.13,,,
2009,2009,Wisconsin,WI,9,5669264,29.53,,,
2009,2009,Wyoming,WY,0,559851,28.01,,,
2010,2010,Alabama,AL,14,4779736,35.49,,,
2010,2010,Alaska,AK,1,710231,0,,,
2010,2010,Arizona,AZ,99,6392017,31.49,,,
2010,2010,Arkansas,AR,25,2915918,36.13,,,
2010,2010,California,CA,49,37253956,31.63,,,
2010,2010,Colorado,CO,2,5029196,29.78,,,
2010,2010,Connecticut,CT,2,3574097,31.48,,,
2010,2010,Delaware,DE,0,897934,32.88,,,
2010,2010,District of Columbia,DC,7,601723,34.01,,,
2010,2010,Florida,FL,27,18801310,35.35,,,
2010,2010,Georgia,GA,28,9687653,35.19,,,
2010,2010,Hawaii,HI,2,1360301,0,,,
2010,2010,Idaho,ID,0,1567582,28.53,,,
2010,2010,Illinois,IL,17,12830632,34.56,,,
2010,2010,Indiana,IN,10,6483802,33.62,,,
2010,2010,Iowa,IA,4,3046355,33.77,,,
2010,2010,Kansas,KS,8,2853118,34.28,,,
2010,2010,Kentucky,KY,17,4339367,34.27,,,
2010,2010,Louisiana,LA,19,4533372,36.43,,,
2010,2010,Maine,ME,2,1328361,30.69,,,
2010,2010,Maryland,MD,34,5773552,32.87,,,
2010,2010,Massachusetts,MA,2,6547629,31.14,,,
2010,2010,Michigan,MI,10,9883640,31.56,,,
2010,2010,Minnesota,MN,1,5303925,31.67,,,
2010,2010,Mississippi,MS,34,2967297,36,,,
2010,2010,Missouri,MO,26,5988927,35.57,,,
2010,2010,Montana,MT,2,989415,29.11,,,
2010,2010,Nebraska,NE,2,1826341,32.19,,,
2010,2010,Nevada,NV,38,2700551,29.26,,,
2010,2010,New Hampshire,NH,0,1316470,30.73,,,
2010,2010,New Jersey,NJ,7,8791894,32.43,,,
2010,2010,New Mexico,NM,4,2059179,29.99,,,
2010,2010,New York,NY,28,19378102,31.1,,,
2010,2010,North Carolina,NC,14,9535483,34.28,,,
2010,2010,North Dakota,ND,0,672591,30.94,,,
2010,2010,Ohio,OH,11,11536504,32.47,,,
2010,2010,Oklahoma,OK,19,3751351,35.9,,,
2010,2010,Oregon,OR,3,3831074,28.21,,,
2010,2010,Pennsylvania,PA,37,12702379,31.31,,,
2010,2010,Rhode Island,RI,1,1052567,31.56,,,
2010,2010,South Carolina,SC,14,4625364,35.23,,,
2010,2010,South Dakota,SD,1,814180,31.89,,,
2010,2010,Tennessee,TN,45,6346105,34.61,,,
2010,2010,Texas,TX,94,25145561,34.79,,,
2010,2010,Utah,UT,3,2763885,29.15,,,
2010,2010,Vermont,VT,0,625741,31.21,,,
2010,2010,Virginia,VA,14,8001024,33.07,,,
2010,2010,Washington,WA,6,6724540,28.94,,,
2010,2010,West Virginia,WV,3,1852994,31.69,,,
2010,2010,Wisconsin,WI,9,5686986,32.04,,,
2010,2010,Wyoming,WY,0,563626,28.43,,,
2011,2011,Alabama,AL,12,4802740,34.92,,,
2011,2011,Alaska,AK,2,722718,0,,,
2011,2011,Arizona,AZ,118,6482505,31.51,,,
2011,2011,Arkansas,AR,24,2937979,36.28,,,
2011,2011,California,CA,31,37691912,31.58,,,
2011,2011,Colorado,CO,4,5116796,30.26,,,
2011,2011,Connecticut,CT,1,3580709,31.53,,,
2011,2011,Delaware,DE,4,907135,32.63,,,
2011,2011,District of Columbia,DC,15,617996,33.44,,,
2011,2011,Florida,FL,18,19057542,34.42,,,
2011,2011,Georgia,GA,14,9815210,34.83,,,
2011,2011,Hawaii,HI,0,1374810,0,,,
2011,2011,Idaho,ID,1,1584985,28.56,,,
2011,2011,Illinois,IL,50,12869257,35.44,,,
2011,2011,Indiana,IN,21,6516922,34.57,,,
2011,2011,Iowa,IA,8,3062309,34.35,,,
2011,2011,Kansas,KS,37,2871238,35.01,,,
2011,2011,Kentucky,KY,17,4369356,34.54,,,
2011,2011,Louisiana,LA,19,4574836,35.6,,,
2011,2011,Maine,ME,0,1328188,30.38,,,
2011,2011,Maryland,MD,35,5828289,32.72,,,
2011,2011,Massachusetts,MA,2,6587536,31.21,,,
2011,2011,Michigan,MI,11,9876187,32.51,,,
2011,2011,Minnesota,MN,5,5344861,32.24,,,
2011,2011,Mississippi,MS,21,2978512,35.43,,,
2011,2011,Missouri,MO,46,6010688,36.07,,,
2011,2011,Montana,MT,3,998199,29.19,,,
2011,2011,Nebraska,NE,4,1842641,33.05,,,
2011,2011,Nevada,NV,22,2723322,28.99,,,
2011,2011,New Hampshire,NH,0,1318194,30.99,,,
2011,2011,New Jersey,NJ,20,8821155,32.45,,,
2011,2011,New Mexico,NM,5,2082224,30.36,,,
2011,2011,New York,NY,46,19465197,31.37,,,
2011,2011,North Carolina,NC,14,9656401,33.92,,,
2011,2011,North Dakota,ND,0,683932,30.9,,,
2011,2011,Ohio,OH,17,11544951,33.53,,,
2011,2011,Oklahoma,OK,44,3791508,36.17,,,
2011,2011,Oregon,OR,4,3871859,28.02,,,
2011,2011,Pennsylvania,PA,57,12742886,32.05,,,
2011,2011,Rhode Island,RI,0,1051302,31.23,,,
2011,2011,South Carolina,SC,10,4679230,34.92,,,
2011,2011,South Dakota,SD,4,824082,32.36,,,
2011,2011,Tennessee,TN,20,6403353,34.48,,,
2011,2011,Texas,TX,186,25674681,34.89,,,
2011,2011,Utah,UT,5,2817222,29.12,,,
2011,2011,Vermont,VT,0,626431,30.86,,,
2011,2011,Virginia,VA,12,8096604,32.92,,,
2011,2011,Washington,WA,3,6830038,28.97,,,
2011,2011,West Virginia,WV,2,1855364,32.12,,,
2011,2011,Wisconsin,WI,11,5711767,32.74,,,
2011,2011,Wyoming,WY,0,568158,28.65,,,